<?xml version="1.0" encoding="UTF-8"?>
<project-private xmlns="http://www.netbeans.org/ns/project-private/1">
    <editor-bookmarks xmlns="http://www.netbeans.org/ns/editor-bookmarks/2" lastBookmarkId="0"/>
    <open-files xmlns="http://www.netbeans.org/ns/projectui-open-files/2">
        <group>
            <file>file:/C:/Users/GabrielaMoreira/Desktop/Trabalho4/prjPOOAmandaArianeGabriela/src/fatec/poo/control/DaoItemPedido.java</file>
            <file>file:/C:/Users/GabrielaMoreira/Desktop/Trabalho4/prjPOOAmandaArianeGabriela/src/fatec/poo/view/GUIPedido.java</file>
            <file>file:/C:/Users/GabrielaMoreira/Desktop/Trabalho4/prjPOOAmandaArianeGabriela/src/fatec/poo/view/GUICliente.java</file>
            <file>file:/C:/Users/GabrielaMoreira/Desktop/Trabalho4/prjPOOAmandaArianeGabriela/src/fatec/poo/view/GUIProduto.java</file>
            <file>file:/C:/Users/GabrielaMoreira/Desktop/Trabalho4/prjPOOAmandaArianeGabriela/src/fatec/poo/view/GUIVendedor.java</file>
        </group>
    </open-files>
</project-private>
